path,sha256
/Users/drsunjava/Desktop/2. Medical Boards Stack/Abstracts/WHO1_Equity-Adjusted Thresholds for Safe Maternal Delivery/maternal-and-reproductive-health-1/output/tables/table1_overall_descriptives.csv,9f1b1675eb1c14836676e62c857f988358499643eb5f961ba28d505b45f07764
/Users/drsunjava/Desktop/2. Medical Boards Stack/Abstracts/WHO1_Equity-Adjusted Thresholds for Safe Maternal Delivery/maternal-and-reproductive-health-1/output/tables/table1_overall_descriptives.html,901a2709e0244664994786cbddfda950f6cdbbaad7d691be74459a07b3115168
/Users/drsunjava/Desktop/2. Medical Boards Stack/Abstracts/WHO1_Equity-Adjusted Thresholds for Safe Maternal Delivery/maternal-and-reproductive-health-1/output/tables/table2_by_region_descriptives.csv,72f71387e213969e68aceb396f4a4a9aa0084811b79b9aaa3fd2ea365437cf0c
/Users/drsunjava/Desktop/2. Medical Boards Stack/Abstracts/WHO1_Equity-Adjusted Thresholds for Safe Maternal Delivery/maternal-and-reproductive-health-1/output/tables/table2_by_region_descriptives.html,82b3c8fb87f74d6e426a9cf5f506ef9d87c10665d0a1c204b7a22391d4445a56
/Users/drsunjava/Desktop/2. Medical Boards Stack/Abstracts/WHO1_Equity-Adjusted Thresholds for Safe Maternal Delivery/maternal-and-reproductive-health-1/output/tables/table3_models_h1.csv,bb2b2c7e1556439067f5df93ca96910d030304fe9b0df812820bbd1d79e134f6
/Users/drsunjava/Desktop/2. Medical Boards Stack/Abstracts/WHO1_Equity-Adjusted Thresholds for Safe Maternal Delivery/maternal-and-reproductive-health-1/output/tables/table3_models_h1.html,371b6089ea05dd3c708fefadb09401669630903ca93eb4f48f2ef09abf9c912b
/Users/drsunjava/Desktop/2. Medical Boards Stack/Abstracts/WHO1_Equity-Adjusted Thresholds for Safe Maternal Delivery/maternal-and-reproductive-health-1/output/tables/table4_effect_modification_h4.csv,d44fecdccc5b23bec6447ed9c78eabab241ba90de39f0eb2d2cca568f8de2f64
/Users/drsunjava/Desktop/2. Medical Boards Stack/Abstracts/WHO1_Equity-Adjusted Thresholds for Safe Maternal Delivery/maternal-and-reproductive-health-1/output/tables/table4_effect_modification_h4.html,2340328bbfbb13591f7e05279d3d630e7eb722a887b0c0b83abd6610855a6481
/Users/drsunjava/Desktop/2. Medical Boards Stack/Abstracts/WHO1_Equity-Adjusted Thresholds for Safe Maternal Delivery/maternal-and-reproductive-health-1/output/tables/table4_spline_joint_test.csv,27246c13908f646b2a037b5097f5abf78e866e5be9fe5efa1b7bc5014bcd69a1
/Users/drsunjava/Desktop/2. Medical Boards Stack/Abstracts/WHO1_Equity-Adjusted Thresholds for Safe Maternal Delivery/maternal-and-reproductive-health-1/output/tables/table4_spline_joint_test.html,4195446d1d9938a77e5cbbadc0c31638dadfeb13245f3d99df35943a445ee50e
/Users/drsunjava/Desktop/2. Medical Boards Stack/Abstracts/WHO1_Equity-Adjusted Thresholds for Safe Maternal Delivery/maternal-and-reproductive-health-1/output/tables/table5_country_policy_translation_top80.html,a7a91e402d6a30861701ed09cba6fd370b5eaf90094677ba1f699f3287b797eb
/Users/drsunjava/Desktop/2. Medical Boards Stack/Abstracts/WHO1_Equity-Adjusted Thresholds for Safe Maternal Delivery/maternal-and-reproductive-health-1/output/tables/table5_country_policy_translation.csv,d57cd7b1d05fb64c4136bbea343585355ca9f72f1e00fc89c6c059f2f89d0ef9
/Users/drsunjava/Desktop/2. Medical Boards Stack/Abstracts/WHO1_Equity-Adjusted Thresholds for Safe Maternal Delivery/maternal-and-reproductive-health-1/output/figures/fig1_dose_response_spline.png,3fbee99abc89918be1dc614dd3466b116852baaffd660aec156228af2958012c
/Users/drsunjava/Desktop/2. Medical Boards Stack/Abstracts/WHO1_Equity-Adjusted Thresholds for Safe Maternal Delivery/maternal-and-reproductive-health-1/output/figures/fig2_placebo_lead_vs_lag.png,85858b3000898421619c455f3a7a0c53f015669b2f56762c4f2729fd4a05f16a
/Users/drsunjava/Desktop/2. Medical Boards Stack/Abstracts/WHO1_Equity-Adjusted Thresholds for Safe Maternal Delivery/maternal-and-reproductive-health-1/output/figures/fig3_global_trends.png,118f5308219a5bb33931823fc7ddcdc547ce9f2e69ebf41e5265a26941d1a208
/Users/drsunjava/Desktop/2. Medical Boards Stack/Abstracts/WHO1_Equity-Adjusted Thresholds for Safe Maternal Delivery/maternal-and-reproductive-health-1/output/figures/fig4_priority_countries_top25.png,03332e4bcb91d619b433597565a5702530896eb2b7fdcf6b18a545f307228085
/Users/drsunjava/Desktop/2. Medical Boards Stack/Abstracts/WHO1_Equity-Adjusted Thresholds for Safe Maternal Delivery/maternal-and-reproductive-health-1/output/figures/fig5_spec_robustness_forest.png,b263a7405eef8f08e6f11b578c67de55109b27b4ca023c0985a1fc2af206de4f
/Users/drsunjava/Desktop/2. Medical Boards Stack/Abstracts/WHO1_Equity-Adjusted Thresholds for Safe Maternal Delivery/maternal-and-reproductive-health-1/output/shiny_app/app.R,9ca648e03f288360d7b459e876349316038afa24566f597dcc541bb22238f559
/Users/drsunjava/Desktop/2. Medical Boards Stack/Abstracts/WHO1_Equity-Adjusted Thresholds for Safe Maternal Delivery/maternal-and-reproductive-health-1/output/shiny_app/data/policy_data.rds,1dc77831096914bab3b3eaf888c0b81fa9d785b505f907c0c9ae5d569cdc28e7
/Users/drsunjava/Desktop/2. Medical Boards Stack/Abstracts/WHO1_Equity-Adjusted Thresholds for Safe Maternal Delivery/maternal-and-reproductive-health-1/output/shiny_app/www/custom.js,4a5be7a6d539e75e0998b8dcd39428addd794e406bd6fb0230d421674ede0de8
/Users/drsunjava/Desktop/2. Medical Boards Stack/Abstracts/WHO1_Equity-Adjusted Thresholds for Safe Maternal Delivery/maternal-and-reproductive-health-1/output/shiny_app/www/fig1_dose_response_spline.png,3fbee99abc89918be1dc614dd3466b116852baaffd660aec156228af2958012c
/Users/drsunjava/Desktop/2. Medical Boards Stack/Abstracts/WHO1_Equity-Adjusted Thresholds for Safe Maternal Delivery/maternal-and-reproductive-health-1/output/shiny_app/www/fig2_placebo_lead_vs_lag.png,85858b3000898421619c455f3a7a0c53f015669b2f56762c4f2729fd4a05f16a
/Users/drsunjava/Desktop/2. Medical Boards Stack/Abstracts/WHO1_Equity-Adjusted Thresholds for Safe Maternal Delivery/maternal-and-reproductive-health-1/output/shiny_app/www/fig3_global_trends.png,118f5308219a5bb33931823fc7ddcdc547ce9f2e69ebf41e5265a26941d1a208
/Users/drsunjava/Desktop/2. Medical Boards Stack/Abstracts/WHO1_Equity-Adjusted Thresholds for Safe Maternal Delivery/maternal-and-reproductive-health-1/output/shiny_app/www/fig4_priority_countries_top25.png,03332e4bcb91d619b433597565a5702530896eb2b7fdcf6b18a545f307228085
/Users/drsunjava/Desktop/2. Medical Boards Stack/Abstracts/WHO1_Equity-Adjusted Thresholds for Safe Maternal Delivery/maternal-and-reproductive-health-1/output/shiny_app/www/fig5_spec_robustness_forest.png,b263a7405eef8f08e6f11b578c67de55109b27b4ca023c0985a1fc2af206de4f
/Users/drsunjava/Desktop/2. Medical Boards Stack/Abstracts/WHO1_Equity-Adjusted Thresholds for Safe Maternal Delivery/maternal-and-reproductive-health-1/output/shiny_app/www/style.css,11ef645344030fffb21d982dc9881d38c6244b81ee0094e5db84c668ce963928
/Users/drsunjava/Desktop/2. Medical Boards Stack/Abstracts/WHO1_Equity-Adjusted Thresholds for Safe Maternal Delivery/maternal-and-reproductive-health-1/output/data/analysis_panel.csv,dfac8eef7e4b9008e33ccc7145490616662b4d3072a59ede95278ce82fd050bc
